drep_id,name,ref_proposal_vote,target_proposal_vote,status,voting_power_ada
drep1yf8p623g9s0yxnlnjzealgajyxl57k7n6saeavc7azg0crcahnul9,,No,No,Same Vote,379066
drep1y27qjjnz9a7q6zmvpajzqpqylnka6lpkvcm9sgjrdheqt0qq6pchw,Chris [STR8] - Straightpool,Yes,Yes,Same Vote,19989229
drep1ytnvazqpsj98pu7w6vtmeddcy9pnn6y6nl0psr5ajzge52s82zz8t,LEADStakePool,Yes,Not Voted,Not Voted on Target,3591666
drep1ygsgfhcydhlfglamhzkjn97rz3edef8a4z99fwl2frcwnrcmgurt3,Dave,No,Not Voted,Not Voted on Target,71370465
drep1y25rvalxnc4p8fghxcwkz0l6gdseqduqvrdzh5pzdprrvnczj0ucx,ONYX AI DRep,Yes,Not Voted,Not Voted on Target,4597579
drep1yg343cyuckglj48a6gpcey7fkfcy5x5f9g65wme3ne9q2mgaedmkm,Phil UPLC,Yes,Yes,Same Vote,76686356
drep1yglrf4el8gghum239fggvfrau25k2576y4dvcz65r2ukj8sqpsc2k,Cerkoryn,Abstain,Not Voted,Not Voted on Target,28190620
drep1y2lhe7wn2sr6vme8gnca4jrkhv47uh3tklsykmrqvwzdq4g5s8wju,,Abstain,Yes,Changed Vote,3833424
drep1yg0qxrv3dc0zqzj3sc8d0jymhdn974f5f84uh9grcyc8x7syrlscj,Dutch DRep - SPO FLOWR,Yes,Not Voted,Not Voted on Target,207060
drep1yfrpcln42j0f6p6zzt5863xn8pz4kkgfkvswlp88klyy4acjdju2k,SVRN | Sleeping Natives,Yes,Not Voted,Not Voted on Target,271721
drep1yfa2s82ahzdudyhup5jy4xwztpmgppgxk7amvm2smr2xx3ggapruw,,Yes,Not Voted,Not Voted on Target,8342
drep1yg0d4qr3qwtgkh59njhdgjpwde6c8vmqax08x3y8klupxvq6u3dyk,spannercode,Yes,Not Voted,Not Voted on Target,279202
drep1ygfw05xk3skujuym7v8w0t4se3a3n9smcfxufd5y0scl63saskmly,HD5000,Yes,Not Voted,Not Voted on Target,94841
drep1ytzshxuma6cwrnlv2ucyclfqw3k4nu4nuudmh2z87j9hncsk9dhy4,Kyle Solomon,Yes,Yes,Same Vote,25208666
drep1yt9dq806jcm56wzhnv2yrf6gcyq7h4gap8gxewfykk0dtfs7vf843,Agora | Cardano (by Rodrigo Pacini),Abstain,No,Changed Vote,258777
drep1y26k7hpkj26dnp8yznnsgpwu8l6pkgcdey4zd23dk655qcse26y3g,,Yes,Not Voted,Not Voted on Target,64242
drep1y2jd3c4hgg0tdua58z6c64k9rf58lz3jlcjlxcjfeaspl6q2e9zm6,Lucas.Macchiavelli,Yes,Not Voted,Not Voted on Target,1376182
drep1yfpgzfymq6tt9c684e7vzata8r5pl4w84fmrjqeztdqw0sgpzw3nt,,Yes,Yes,Same Vote,298861
drep1ytwlmrm6ksc8sa5fdhm63prqve6hjzvghdc3053zwz6hyeg0ayhg2,Crypto_Oaj,No,No,Same Vote,587453
drep1y2ltat8kjqrmnff3lkkpxy0j5tn66d3m0gy64dc92asft5g6dl9ws,,No,Not Voted,Not Voted on Target,270058
drep1yvve4554njxyun2s5p9q70v88d5jl7r0h34pjhw5f5tmw3sjtrutp,The Dutch Drep,Yes,Not Voted,Not Voted on Target,706967
drep1yf2jzhuc4f7eu2yay9d9ta3dykxxcwn34wz8kak7nhd7vcgrxn7ns,,Yes,Not Voted,Not Voted on Target,32741396
drep1y26nj0u86z00s2c6yteecduedrzxxrxrn39th5mau0h0r5gszp025,ADAR_Chris,Yes,Yes,Same Vote,794325
drep1y2nvdau7g7xt6dlh9wydy9c4fvve24rr67twf5w63axu56q4rypfz,Blockdaemon,Yes,Abstain,Changed Vote,331536399
drep1y2eepqmxj03sky9pnqytrhyjr50p0y99wzedlka7gkjzgtgr4cv5e,,Yes,Not Voted,Not Voted on Target,329198
drep1y2csyxt7u2hl4674pl9cef5lknafaw5nraxvyx033kmd0es3awuv0,Sebastien Guillemot セバ,No,Not Voted,Not Voted on Target,172042468
drep1yt8trnz8e5cnylmyygt0pyzrfw92rt9s42kg8t4rhm6t0dstyvmdn,jonahkoch,Yes,Not Voted,Not Voted on Target,626292
drep1ygustv8e9wtn00z98vhrz86n4qwcvvv97t7q659ufvxpnkq24mnjg,Jday1100,No,No,Same Vote,50525
drep1y2t4hsu6zk98407q4ymj5jnm2d52rh76dv6whl88r9dts4qayakaf,OCTAS DRep,Yes,Not Voted,Not Voted on Target,2253835
drep1yfn4n94zl2ahpcn3yu6q7v0vla7nw7qj4x23nzc5qvsudygcrn3zn,Nasia,Yes,Not Voted,Not Voted on Target,58593
drep1y296z8tm7y7elwsmsewn4q2tdr5gu0fqztq97yttlpv7zycvsl554,8Ball,No,Not Voted,Not Voted on Target,14269
drep1y2z8gktqj27kwmmxesd0y484f7p4z9tjf5xu8m4sucstm3gvtywlp,Ha-Nguyen,Yes,Yes,Same Vote,21406382
drep1yt7hfdllz0l707unkh9g2fs9e35dl6d94tvjynnh4t5gw6gcmn4jn,Cardanolotus,Yes,Not Voted,Not Voted on Target,442551
drep1ytrqcqg4qh35nwed29nzatke8jemsyelyhdencdc4hx5y0qh3adwe,忠実,Yes,No,Changed Vote,14070947
drep1ytrf4l0jpl9k703qy5g49hga8eyleea9dl68tehj75ar5kqrxkekg,,No,Not Voted,Not Voted on Target,177623
drep1y26dxtv63ax74jqs20h9xw5m7559q4e53tkh2xqwknmw2nstuepzv,,Yes,Yes,Same Vote,1140134
drep1ygazsutrxjjv4uyzuxtvh3aa6svnef6cyhzx8haqp5u0s8saar2y8,Alf,No,Not Voted,Not Voted on Target,655475
drep1yf7rhr6k8gfecdn8z5r38uqyaafcfr785lsgzsvc7ye3m9g3z20kj,Tony Boersma,No,No,Same Vote,1763821
drep1ytuufvd6maykgfcp20fxgpx7g6a9z2suchqehfejwdsx8cgpx80yg,,Yes,No,Changed Vote,2119322
drep1ytrf7kdyhk6ft3fqzqqqaszam6gt2fljpsvwkvngamyrvks6faung,erikdrep,Yes,Yes,Same Vote,4690088
drep1yfkj0pq5az7yhmq7de2wawhavq2lu34nfgvnu0nqxg8ks6qfwd3s3,Henry,No,Not Voted,Not Voted on Target,6
drep1yg5pzxhp0lu0m7757ww2hke8qhcuqgqt3c2ezphngwytz4gjr6yge,,No,Not Voted,Not Voted on Target,2792420
drep1ygtvnwgsucstvesms2hv9vc8hw3tye5zhzldmszrxqd2rxsje5c6m,Lourde,Yes,Abstain,Changed Vote,50567
drep1y28fu7xdmvz2yhjlykln3ktzk98skwfdjkguxy2uhe8e3nq3u00em,,Yes,Not Voted,Not Voted on Target,335
drep1y29h2q6cst2pvkl2sqqvf5ljcy36uv7pmy482xnczddzgqshus24w,Eternl DRep Committee,Yes,Abstain,Changed Vote,224216159
drep1y2rtf58m0lv9spcqx5mads20gpfulf6l97w57ecdy00vjdq0klh4l,Dumpling🥟,Abstain,Not Voted,Not Voted on Target,77289882
drep1y2u2848fer43ghnyhyadhaqd2ek4q9x09h2y0sxev5gklcgnx3qyp,God BLESS You,Yes,Not Voted,Not Voted on Target,3046151
drep1ytcy6lfas0zu4axuzw2ncal2k2mh6u8srt5c63fpgq3zg8cd2437d,CASIA- Cardano Asia Team,Yes,Not Voted,Not Voted on Target,48458
drep1yt5u3kgdjqxh0g2ujmk0g8djq2hlyve9gj0hpmasnjzy0zsqjv5eu,Adastra,Yes,Yes,Same Vote,137392
drep1yg7svuv02gh9j2q574jv06l4xnzwyp63effljze28qe993caj8ras,BRIAN,Yes,Yes,Same Vote,934040
drep1ytxr0lhg5j72wysva9ac2gsn4lck4gyen8ywxkqfchsqg3qs8uy44,GAIA,No,Not Voted,Not Voted on Target,2712595
drep1yfpwp2v9kmgqn3trvjvs2s7yp9y60xcgxqnut6h2tw68y8svcqqxf,Liudmila Korovina,Yes,Not Voted,Not Voted on Target,48550
drep1ytfk5wuppxfm9a8lp4acdhq2ffwdaxauep09upfa7zzsl3s0lf9ge,Remostart,Yes,Not Voted,Not Voted on Target,133851
drep1y2eu92qwy875nlslg3ahlh0hy5vhzpkrjay88ptvdp0z6cqm9h25x,Tempo.Vote,No,Not Voted,Not Voted on Target,48558663
drep1ygj6hupsan57ujlv6l0vw9naxzt5753uhpe79nluymqzlcq7fe4vs,ranket,Yes,Yes,Same Vote,75238824
drep1y2v2ncht76apatlnxgtz8h8zy943avf7padqkkvycmzmcpcre7fek,concon,Yes,Yes,Same Vote,10899424
drep1y2utmer3m25qvcfrmglld88yueq9se3d8hqjnj20wk4q0cgz92za6,Victor.Villagomez,Yes,No,Changed Vote,238745
drep1yfg2u28p4xuh5u5lv839vcfd6k2knptfw0avtefpyw4x3dsu5pu25,CoinCeylon,Yes,Yes,Same Vote,4804417
drep1yfdfs28uwafjgmrkatdektlzrvha2cmvqjhuz700e04mawq23rmrg,Chris Cata,Yes,Yes,Same Vote,5881271
drep1y23dht7za96q7myf6ewrgjzthrkz7c5ntahafj37muw9slstejf2a,,Yes,Not Voted,Not Voted on Target,262526
drep1y2dnsj0taktxwmzwf4a7sp0mg3rvm3jsetag0h0m83khs3c7d3l6x,AtlasHub,Yes,No,Changed Vote,2038067
drep1yfp4qmp849250svle8gw2m5jwjra86e76q8vz97wp998feg9mx9c5,Moonstake,Yes,Abstain,Changed Vote,20140746
drep1yfaaaaa270yjt6tu5skndugekprf5ykv5jshanl0c6gqx5qpstskf,,Yes,Not Voted,Not Voted on Target,27328059
drep1yf6xkrz2w4fdkwjw9u98u3pmzk7c7a0amq95hakcj649dns2r4upl,,Yes,Yes,Same Vote,55931
drep1ydwtnlvdd8atlj5c5ylgw4kg5e640vyt8resattrjmwufyg4qclf7,,Yes,Not Voted,Not Voted on Target,986987
drep1y2ecrj7jd9alaxumvm49hgng9rp239nda5ucegd05ndvxfqftwr9f,Voice of the People,Abstain,Yes,Changed Vote,1469029
drep1yfzzwr8jznn02mzepvs6y9n4329eskzpgygjdh4ew28szpcd5hr4f,Farid_CZ,Yes,Abstain,Changed Vote,187196
drep1y22gmm9yrmm4apv65ku433v05q5ywqxknjszyq0klf3mcxsfpnxh8,HyperlinkPool_SPO,Yes,Not Voted,Not Voted on Target,1652689
drep1yg6lvx8hrsjgex7f2p5waz5hqmwxzn7u8xljsuastt7s3qckz3maz,Minh Le,Yes,Not Voted,Not Voted on Target,10626
drep1y2t3t35yx7j8nnh3wkqn2zzhgwqksksn85zv62pjrwzjawczwgyv7,No stress,No,Abstain,Changed Vote,2514370
drep1yfe9en4hsgc3r6nhtmwjeljh06hgnvt9yzzkwqcftvdj34cdxdg7u,AdaStat,Yes,Abstain,Changed Vote,49940360
drep1ygptxh0f9ftdr4eg6v6ekacxq9whc9vps2yj047wnt7n5hs2a5u59,Cam Nguyen,Yes,Not Voted,Not Voted on Target,13
drep1y24xr6m4mkgl7e7886sk3wee7h73mcreysyvhrwzksy5ajqrv0rrv,CTEC-Stake-Pool,Yes,No,Changed Vote,20283830
drep1yfr0cur4guksjd6whxe5mltcaksqqhzd85dnq6lfk8ex7qs5mlcye,DeepStatecraft,Yes,Not Voted,Not Voted on Target,36250
drep1yfpazkd0aqex0kd3vrhk47sjy0jqgq3xu6h2zv9wevfequcxyynwv,PRIDE,No,Not Voted,Not Voted on Target,7574349
drep1yfflcrtu3xgeett26gv2l8patjhryjvc5jj0lk4ysy304lsjgfpzj,Hede,Yes,Not Voted,Not Voted on Target,39667
drep1yfemdmjmxr59kecgqnzd8d0ankkue4rdnn35c8qfsuljt9cjree5m,PoolTool,No,No,Same Vote,42413296
drep1ytgsdkfznvjnwdxrzvf8x6tn4ctfukqqphsammzkfwatgsqgnpf2w,Latam Cardano,Yes,Yes,Same Vote,822819
drep1yfa8r8r36x7x05htftce7qhafrn5nzzr6vazy95pzy6y5dqac0ss7,wolf31o2 (Chris Gianelloni),Yes,No,Changed Vote,23279040
drep1yfcgvh8rum7a9ma4gwgwuwutdu0dnrzaj98jytwyfqzd87q2nehvm,Reshma_Mohan,Yes,Not Voted,Not Voted on Target,372173
drep1y2jnqfamg4tq5aepxhggzhqg7pq5gunph4wypkyh9q3qt2cru5m2j,Wada DRep,Yes,Yes,Same Vote,12158994
drep1ygs99wsy49h9vydggncfeck2xwmngyeltp66pvgzl6jz63s6qmu3p,DraculaDAO,Yes,Not Voted,Not Voted on Target,16377017
drep1y2vyrqh0fa4qh4tmy7322va6ryk78uh6szppezaft0watyqp5hdwx,BTBF_XSP,Yes,Not Voted,Not Voted on Target,89273416
drep1yguh6dsgx0g58v8pqmxgfrkq0x8vfv6tcp92uzzjrykwy8cjmelsy,Florian Volery,No,Not Voted,Not Voted on Target,26127604
drep1ygeqtuysjy9s3mw3ej7essghq9rk3cnl08fehntu4jw3rtqfw96dg,FIMI,Yes,Not Voted,Not Voted on Target,30964278
drep1y22hlaj8wuyygpnjy5cf96tg9tgvjrz39kxvqgv898uj9scfc55t7,Maureen,Yes,Not Voted,Not Voted on Target,500697
drep1yt37s3z3ddzmzug9mujxy5c0patgetmjv6fhf3he4nmnv2ga3nad2,,Yes,Not Voted,Not Voted on Target,8088045
drep1yt56tpzpzu58zy7pz4zwfp32rq95tj3xfxmdrg8k3qhxjlccp47cn,Manuel SNAKE,Yes,Not Voted,Not Voted on Target,764013
drep1yftjewhpvtdd8t7swtmtp44px94ns3laytmjc3u7f93qvhswmwv5f,Cardano Feed,Yes,Not Voted,Not Voted on Target,728270
drep1y27a56gx9vm6yhjm9wsvvp847mt0dv4cyx93vz2r5rjytnsew90d6,Next Epoch,Yes,Yes,Same Vote,1268875
drep1y269ehxj30k4vfzfc2z84v0xykd3amuy2xn0kv9zf8rhcec2fg2jr,MREDGARCROSS,Yes,Yes,Same Vote,624353
drep1ydpfkyjxzeqvalf6fgvj7lznrk8kcmfnvy9hyl6gr6ez6wgsjaelx,Cardano Foundation,Yes,Abstain,Changed Vote,119761396
drep1y2anuetphncrua2ya46uwgw0rwkyzxr7jll0rv9259u0zvgrh3ng2,Ryan Jones_Maestroman,Yes,Not Voted,Not Voted on Target,819928
drep1ythej7tvvq0tgat3l7ge6q40uarj02qmml5puzzgr00sd0gqtdeld,Bamboo_Drep,Yes,Not Voted,Not Voted on Target,2344812
drep1yfju2f0hy2q0z9x8lahy7v3v4rqm2z8kmv07juercm5zqhqmnunqa,,Yes,Not Voted,Not Voted on Target,181405
drep1yggywput6rlwkrs2wzygfl3t4qryj3d53uuw92z9p0qp0uqpl2raf,In Good Fortune,No,Not Voted,Not Voted on Target,65721
drep1yt5cc878w5c8umxrfudnmzw425epxnvvttw7hhrhwfhp0zqf400ze,Paul Ko,Yes,Yes,Same Vote,10770895
drep1ygvgk3899qm38zth07z5clhfjvzfhe2mf2kvkqrfxp93r5srjre5s,AltcoinOracle,No,Not Voted,Not Voted on Target,3815328
drep1yfeqm8wfd2h9pf2c9y934qskuw3z04selrpr7esf4gdsl2c5zvpgf,KryptoLabs,Yes,Not Voted,Not Voted on Target,386109
drep1ytf9f78k7rkwk4cu6l2nvna22keu9yus4kqzc0hqspd36uszu0xc2,Terminada,Yes,Not Voted,Not Voted on Target,17405416
drep1y2xacakh0g8q4exfgmvywy62an74cj7ejcpcrgq6vh4dckqhtsyh5,Aichi/Tokai_DRep,Abstain,Yes,Changed Vote,31430438
drep1ygs5hngva3hymv7j4v0aewxpsjqskj9dnmy7j3jz5ven5zqvulq2t,Hermes Stakepool Germany (HRMS),Yes,Yes,Same Vote,66032624
drep1yte3chru8m7d3gzgpwvmgan0gjfxru9r9cyvrkkcerc0wcg6qfvtc,Varavas,Yes,Abstain,Changed Vote,4433021
drep1ytfnmf4uftt4fe0h63xhadl0v402gr6nnhtcgrq2sas26kgaf3n5y,DINO,Yes,Yes,Same Vote,21202570
drep1ygsrvdukj9unnxue5ffmrkjr9ve7yxz3wvccdstapmw696q8g2w9u,Cryptotexty,No,No,Same Vote,45221
drep1yt4lyf0fwlrz8k6j5evd3rxw0sqp67qkh36su98a97q3qsc0h03y4,Cardanians,No,No,Same Vote,16712792
drep1yt77crnmjuqkj9gcwjjsurez7s07jhwhyt4suxs3xeqftcsfrspun,JAZZ,Yes,Yes,Same Vote,92202096
drep1yfqwhs8qe2yajwq4r0anpf2q0tp26rxxjuee6jdg9clfrpcs6vjhy,QuocTuan,Yes,Not Voted,Not Voted on Target,252843
drep1y28uwdrz2acyp4jka5fqp2fa3hp0klpme8wug3f5p2y45zsc0e8qw,Daehan_kor,No,Not Voted,Not Voted on Target,4817946
drep1ytfwpmt2fvdnyvlswyjyggpf8alwkpm7ha6cua9nsak525ssmvm57,CryptoCrow,Yes,Not Voted,Not Voted on Target,255170506
drep1y2dptycrks2ggae95leeh66m0l0svet98c44hl4rmaec7as6hgpp3,LallyMcClay,Yes,Yes,Same Vote,331423
drep1y2gh7lj3jt89vs63rtr4vj5g4ulxhmp7t0dkh6hcel90mlsujgqlu,Kevin_ALBERT,Yes,Yes,Same Vote,1223725
drep1yfu5d42qfu7e3euu4kkamcg3g3z2zn6sd674gkdww8ey63stlsrlt,Linda - Cryptofly,No,Abstain,Changed Vote,38368193
drep1y2r5kww2gj4j6l2h7065fk5jtfhzxwf37ryygkdx4qhmpvqlah2jj,,No,Yes,Changed Vote,4013963
drep1ytkzpmmukjy6qn6xd5skqm0ypcj5juw9rxddr5mmlzgjvtcghwqjr,This Corrosion,No,Yes,Changed Vote,1660349
drep1y204jqvq0hu4m26gsaskmaas8vju2ls30hh2s0dhpj03t9qafvuzl,Clarity Cofounder dRep,Yes,Not Voted,Not Voted on Target,2036087
drep1ytfas4axhm8yzrqqh4ru2uuqesu87zeq6fwg5pq8azqf7ecu4nu8s,Peter Horsfall,Yes,No,Changed Vote,5335350
drep1ytm2zedqf54prqf5kfvzq56dgr7s3p4h53w8z428z6l2c8cj8e33y,Anonymous,Yes,Yes,Same Vote,6810
drep1y2hlgh9600zjlt39dh54z7z8d65kahneck8yhh7ugmzc9as0xrzqd,,Yes,Abstain,Changed Vote,7579875
drep1ytckh5852vysgdg0j5y63ga7k0q4udwfjuprgx4pjwwt8dsjehfza,Javi M. ,Yes,Yes,Same Vote,110837
drep1ygrnrg598f38xxg83cg6hudq209w0t578lq9ceh9np99d8cgn67wp,Seidu Ziblim ,Yes,Not Voted,Not Voted on Target,103128
drep1ygj02llvuusnhphvhlxf7d2cxhs53twjnwwl5at3zwht4xc6xdgl4,Nimuë Lady of the Lake Pool,Yes,Abstain,Changed Vote,1591132
drep1yg8vjs7ute7z7vyd8yez5tgjey6043djjfh8d3n7sjev35g064xxc,,No,Yes,Changed Vote,4618821
drep1ygm9wxzrrdqpt0hek5kj7ys6tmsc8dycp7tkjwqxqrhjr6csq3s3t,Patrick_Tobler,No,No,Same Vote,40052581
drep1y23wk4w6f2aumc92vl9m3x74xzm6jh4ha9wdq09yfq2sl6q8zlv4l,,Yes,Abstain,Changed Vote,786481
drep1yf0s5guxklwlqn7ttdpfwmmkaucwaqkkm6hzncy8nful5fgemurcj,STORM Partners,Yes,Not Voted,Not Voted on Target,5296812
drep1ygqcj6cjm8arjwcxax7kcwem93k6jszc3lvufmxszv0ep9cp5kely,,Yes,Not Voted,Not Voted on Target,103095
drep1ytn29gxylzlrhzmkt4c75w7qmesxqc248r9089f0pvuysdqeva6ht,Giovanni Gargiulo,Yes,Not Voted,Not Voted on Target,3513785
drep1ytcypl8fyuvm2epkjz2m4wzf24y26vj998wj4cvu7nnpgygh2sltr,RABIT,No,Not Voted,Not Voted on Target,1163896
drep1yggcntj7vdc2l3j05w0ep84ay8qjz0fnrse6rl8gccd9fsqadw3qg,WaffleCapital,Yes,Not Voted,Not Voted on Target,7782674
drep1ygqgayvx8yzsaj9hprja3l6jy3v4px9z3u8uvecuvm3f92ce7mckx,Army of Spies,Yes,Yes,Same Vote,85729510
drep1y2fhyudw8ju53e296c3yugvul6h3fpurhnx45lfa9e5meqgtky0gg,,Abstain,No,Changed Vote,5874773
drep1ytcw6qzpqqclx2yd0zy64ztvlkkhnf6yrzza8whgnq4vz5gh89626,BWtake(長崎)Japan,Yes,Yes,Same Vote,2583137
drep1ytuddrgqca0xd4aams6pl9zndpcmxg0rs7z3mggjelm6kscp4arg5,SASA_nagamaru_ながまる,Yes,Yes,Same Vote,74495230
drep1yggtnkr9464nmpd949swrv02rsvq6lca8nkce3kvf03uj5cclp3j2,,Yes,Not Voted,Not Voted on Target,1915032
drep1yfv77z2fsz7nucy59lx2pkafamathf8q783lalkr3quju0gv93lq2,Rudianos,Yes,Not Voted,Not Voted on Target,108268
drep1yfgssww5qn4w5w9g2pmtj94rg0l2jtcz87w9d4m459dpqhqm9g4pu,World Peace,Yes,Not Voted,Not Voted on Target,92547
drep1yfvw769lf7g5p4hx0cl2f8jxdcufdcqqj36u0n9escjcwdswcj4h6,,Yes,Not Voted,Not Voted on Target,185561
drep1yfmrv0kyjverz4f76p3raq58rpwdla9rra0pudlzymx29rqdcg8mz,Zukki_Ancap,No,Not Voted,Not Voted on Target,323412
drep1ygxtldfpas0gh9u20zvpwladxwvj8hdd5wxkkgt8ylxanacfy7wke,Kurdopia,Yes,Yes,Same Vote,479503
drep1yffld2866p00cyg3ejjdewtvazgah7jjgk0s9m7m5ytmmdq33v3zh,SIPO,Yes,Yes,Same Vote,89785235
drep1ytcv4ax77s0enqef56qjflf4d8zjgxulukme9uf5p8cfaagysjppn,Socious,Yes,Yes,Same Vote,34315146
drep1y2m0g4r66pyaw3p7u454wc0p4f0ygm8ueaev0mgd3tvwm7sskqwqp,CardanoYoda (MANDA Pool),No,No,Same Vote,92975143
drep1ygeyfh8nm03dnl5a2hxdtv09pu7uhep9l0cpg0zpr60jqys05cku2,Cash,Yes,Yes,Same Vote,2862178
drep1y2tp9q9vckglgkgkgcdc33jtahrstfzfj3c8ez926ysszjqp5r4ts,Zacros,Yes,Not Voted,Not Voted on Target,320603
drep1y2w5wljjaj64hf932lf5rrees65lddrzxt6r35g6xdyqy2s255hkq,,Yes,Yes,Same Vote,4637
drep1ytd7s3he5rgxhkx0t2vnun25wy3t263877czxw8nelcld8ce66v4c,Yosh,Yes,Not Voted,Not Voted on Target,948851
drep1yts3qdjsqcnhld4r3uek2uu0n2tnh824tgnf75a83q3yhequuy54u,AKYO,Yes,Yes,Same Vote,8814534
drep1ytd2mf58tfqv78z7e99fy0gnmfep0kscclnwpvx7qvwpc5srxwg5g,Crypto Eats Legacy,Yes,Yes,Same Vote,589633
drep1y20w8vxwd3venlvp0muxwzmdlr7a006dpz580czmaj422sqng6fkg,Andreas Sosilo,Yes,Not Voted,Not Voted on Target,717340
drep1y25xtvu3d0gaf6cxktr9pkfgnywmqsh4fum93s8m3hlp4aqj3uqdp,Chris-O,Yes,Yes,Same Vote,51389500
drep1yt9xg7l0dlgxj3lyewmndzrq5wzj3f4nusdkpfa9n7zf4ssayqnk0,Tobias Ilskov,Yes,Not Voted,Not Voted on Target,2680807
drep1ygnh2uf4wkc8ldgfxwz7rzuga3m8jtqew9xh5g3n587mg6g3ge0sj,hix_coffeepool,No,No,Same Vote,48784835
drep1y24028syvj5t5aulkz7qf37d0rqamjxuufysddezggwvzvsrnnuah,,Yes,Not Voted,Not Voted on Target,0
drep1ygr9tuapcanc3kpeyy4dc3vmrz9cfe5q7v9wj3x9j0ap3tswtre9j,Yoroi W₳llet,Yes,Yes,Same Vote,585734577
drep1yghm3canzwv736un9usqrxpfvxrm68k9hz0ppvrxe7n7lfgmsxru8,taichiyokoyama,Yes,Abstain,Changed Vote,1921198
drep1y26sfka2km0p4xw073ujdq406wxxczhdyfh9vw7yxpfselchzkdjn,YOADA,Yes,Yes,Same Vote,5457153
drep1yt6lgdpqjey286qwt287mnk7sdqh95avfmde42vq3mltjys75kg5k,MUEN,Yes,No,Changed Vote,34553431
drep1y2y3euudfnw48xeulsfupsttlx8c4xphhaw90d66dvcrazgjdm5uc,,No,No,Same Vote,1067005
drep1ytvlwvyjmzfyn56n0zz4f6lj94wxhmsl5zky6knnzrf4jygpyahug,EMURGO,Yes,Yes,Same Vote,292553978
drep1y2200we9c904un36tzaearntzzl63snffuul9qsk0te4utqfkke0w,YUTA,Yes,Yes,Same Vote,432949136
drep1y2rajzp3da0scf8whz35eug0grlfn284f54ldlwnxx97fjg2xpcwt,VNEconomics,Yes,Not Voted,Not Voted on Target,382841
drep1y2j2q9pcl855969ea9csrhdta6slnamctgzuvuqnnkl6fusqyjy36,Rodrigo-[CHIL],Yes,No,Changed Vote,16998399
drep1y2f5m5mn48q65xkw65q2kfd2tkakz3lh8553ugmcsq0ahnsl2nfcj,HenriqC,Yes,Yes,Same Vote,2533347
drep1ytjyvm958ywjkp57f8wm3havj72lc653tp7ajttxxt6ftgcmcmdk2,,No,No,Same Vote,245553
drep1ytm8770aqd0xqn8f30y3cc3wtsah59vqg5u4ju7xmphl4ecyn8cap,Suzhou Capital,Yes,Not Voted,Not Voted on Target,1707
